,component_1,component_2
3,-0.27912777883133166,0.691779534138194
1,0.1998906748865782,0.41946037509066797
7,-0.919415124663296,-0.014849653404360924
9,0.17263738969985376,-0.21405509517871862
5,0.7961188782152709,0.1554622618011492
0,-0.3671399684504384,-0.2526709165276312
4,-0.07558731346635317,-0.5236794191571335
2,0.4726232426097162,-0.2614470867621667
