,bytes_in,bytes_out,src_ip,time
3,0.0570940170940171,1.0,0.4559538167606768,0.36363636363636365
1,0.3258119658119658,0.8287777777777778,0.44925246698142207,1.0
7,0.0,0.247,0.0,0.0
9,0.8968660968660969,0.4107777777777778,0.47598330819845747,0.45454545454545453
5,1.0,0.7756666666666667,0.9999999999999999,0.8636363636363638
0,0.254017094017094,0.0,0.4490808707854101,0.45454545454545453
4,0.7300284900284899,0.021111111111111112,0.1686243447456658,0.6363636363636365
2,0.9462108262108262,0.378,0.47598330819845747,0.9545454545454546
